Neighborhood,Borough
Kingsbridge - Riverdale,Bronx
Northeast Bronx,Bronx
Fordham - Bronx Park,Bronx
Pelham - Throgs Neck,Bronx
Crotona - Tremont,Bronx
High Bridge - Morrisania,Bronx
Hunts Point - Mott Haven,Bronx
Greenpoint,Brooklyn
Downtown - Heights - Park Slope,Brooklyn
Bedford Stuyvesant - Crown Heights,Brooklyn
East New York,Brooklyn
Sunset Park,Brooklyn
Borough Park,Brooklyn
East Flatbush - Flatbush,Brooklyn
Canarsie - Flatlands,Brooklyn
Bensonhurst - Bay Ridge,Brooklyn
Coney Island - Sheepshead Bay,Brooklyn
Williamsburg - Bushwick,Brooklyn
Washington Heights - Inwood,Manhattan
Central Harlem - Morningside Heights,Manhattan
East Harlem,Manhattan
Upper West Side,Manhattan
Upper East Side,Manhattan
Chelsea - Clinton,Manhattan
Gramercy Park - Murray Hill,Manhattan
Greenwich Village - SoHo,Manhattan
Union Square - Lower East Side,Manhattan
Lower Manhattan,Manhattan
Long Island City - Astoria,Queens
West Queens,Queens
Flushing - Clearview,Queens
Bayside - Little Neck,Queens
Ridgewood - Forest Hills,Queens
Fresh Meadows,Queens
Southwest Queens,Queens
Jamaica,Queens
Southeast Queens,Queens
Rockaway,Queens
Port Richmond,Staten_Island
Stapleton - St. George,Staten_Island
Willowbrook,Staten_Island
South Beach - Tottenville,Staten_Island