Zip codes,Neighborhood
10463,Kingsbridge - Riverdale
10471,Kingsbridge - Riverdale
10466,Northeast Bronx
10469,Northeast Bronx
10470,Northeast Bronx
10475,Northeast Bronx
10458,Fordham - Bronx Park
10467,Fordham - Bronx Park
10468,Fordham - Bronx Park
10461,Pelham - Throgs Neck
10462,Pelham - Throgs Neck
10464,Pelham - Throgs Neck
10465,Pelham - Throgs Neck
10472,Pelham - Throgs Neck
10473,Pelham - Throgs Neck
10453,Crotona - Tremont
10457,Crotona - Tremont
10460,Crotona - Tremont
10451,High Bridge - Morrisania
10451,High Bridge - Morrisania
10452,High Bridge - Morrisania
10456,High Bridge - Morrisania
10454,Hunts Point - Mott Haven
10455,Hunts Point - Mott Haven
10459,Hunts Point - Mott Haven
10474,Hunts Point - Mott Haven
11211,Greenpoint
11222,Greenpoint
11201,Downtown - Heights - Park Slope
11205,Downtown - Heights - Park Slope
11215,Downtown - Heights - Park Slope
11217,Downtown - Heights - Park Slope
11231,Downtown - Heights - Park Slope
11241,Downtown - Heights - Park Slope
11242,Downtown - Heights - Park Slope
11243,Downtown - Heights - Park Slope
11213,Bedford Stuyvesant - Crown Heights
11212,Bedford Stuyvesant - Crown Heights
11216,Bedford Stuyvesant - Crown Heights
11233,Bedford Stuyvesant - Crown Heights
11238,Bedford Stuyvesant - Crown Heights
11207,East New York
11208,East New York
11220,Sunset Park
11232,Sunset Park
11204,Borough Park
11218,Borough Park
11219,Borough Park
11230,Borough Park
11203,East Flatbush - Flatbush
11210,East Flatbush - Flatbush
11225,East Flatbush - Flatbush
11226,East Flatbush - Flatbush
11234,Canarsie - Flatlands
11236,Canarsie - Flatlands
11239,Canarsie - Flatlands
11256,Canarsie - Flatlands
11209,Bensonhurst - Bay Ridge
11214,Bensonhurst - Bay Ridge
11228,Bensonhurst - Bay Ridge
11252,Bensonhurst - Bay Ridge
11223,Coney Island - Sheepshead Bay
11224,Coney Island - Sheepshead Bay
11229,Coney Island - Sheepshead Bay
11235,Coney Island - Sheepshead Bay
11206,Williamsburg - Bushwick
11221,Williamsburg - Bushwick
11237,Williamsburg - Bushwick
11249,Williamsburg - Bushwick
10031,Washington Heights - Inwood
10032,Washington Heights - Inwood
10033,Washington Heights - Inwood
10034,Washington Heights - Inwood
10040,Washington Heights - Inwood
10026,Central Harlem - Morningside Heights
10027,Central Harlem - Morningside Heights
10030,Central Harlem - Morningside Heights
10037,Central Harlem - Morningside Heights
10039,Central Harlem - Morningside Heights
10115,Central Harlem - Morningside Heights
10029,East Harlem
10035,East Harlem
10023,Upper West Side
10024,Upper West Side
10025,Upper West Side
10021,Upper East Side
10028,Upper East Side
10044,Upper East Side
10128,Upper East Side
10162,Upper East Side
10001,Chelsea - Clinton
10011,Chelsea - Clinton
10018,Chelsea - Clinton
10019,Chelsea - Clinton
10020,Chelsea - Clinton
10036,Chelsea - Clinton
10060,Chelsea - Clinton
10104,Chelsea - Clinton
10105,Chelsea - Clinton
10106,Chelsea - Clinton
10107,Chelsea - Clinton
10120,Chelsea - Clinton
10122,Chelsea - Clinton
10123,Chelsea - Clinton
10161,Chelsea - Clinton
10199,Chelsea - Clinton
10010,Gramercy Park - Murray Hill
10016,Gramercy Park - Murray Hill
10017,Gramercy Park - Murray Hill
10022,Gramercy Park - Murray Hill
10055,Gramercy Park - Murray Hill
10103,Gramercy Park - Murray Hill
10110,Gramercy Park - Murray Hill
10111,Gramercy Park - Murray Hill
10112,Gramercy Park - Murray Hill
10118,Gramercy Park - Murray Hill
10151,Gramercy Park - Murray Hill
10152,Gramercy Park - Murray Hill
10153,Gramercy Park - Murray Hill
10154,Gramercy Park - Murray Hill
10155,Gramercy Park - Murray Hill
10158,Gramercy Park - Murray Hill
10165,Gramercy Park - Murray Hill
10166,Gramercy Park - Murray Hill
10167,Gramercy Park - Murray Hill
10169,Gramercy Park - Murray Hill
10170,Gramercy Park - Murray Hill
10171,Gramercy Park - Murray Hill
10172,Gramercy Park - Murray Hill
10173,Gramercy Park - Murray Hill
10174,Gramercy Park - Murray Hill
10175,Gramercy Park - Murray Hill
10176,Gramercy Park - Murray Hill
10177,Gramercy Park - Murray Hill
10178,Gramercy Park - Murray Hill
10012,Greenwich Village - SoHo
10013,Greenwich Village - SoHo
10014,Greenwich Village - SoHo
10095,Greenwich Village - SoHo
10119,Greenwich Village - SoHo
10121,Greenwich Village - SoHo
10282,Greenwich Village - SoHo
10002,Union Square - Lower East Side
10003,Union Square - Lower East Side
10009,Union Square - Lower East Side
10004,Lower Manhattan
10005,Lower Manhattan
10006,Lower Manhattan
10007,Lower Manhattan
10038,Lower Manhattan
10280,Lower Manhattan
10041,Lower Manhattan
10045,Lower Manhattan
10090,Lower Manhattan
10270,Lower Manhattan
10271,Lower Manhattan
10278,Lower Manhattan
10279,Lower Manhattan
11101,Long Island City - Astoria
11102,Long Island City - Astoria
11103,Long Island City - Astoria
11104,Long Island City - Astoria
11105,Long Island City - Astoria
11106,Long Island City - Astoria
11109,Long Island City - Astoria
11368,West Queens
11369,West Queens
11370,West Queens
11372,West Queens
11373,West Queens
11377,West Queens
11378,West Queens
11371,West Queens
11354,Flushing - Clearview
11355,Flushing - Clearview
11356,Flushing - Clearview
11357,Flushing - Clearview
11358,Flushing - Clearview
11359,Flushing - Clearview
11360,Flushing - Clearview
11351,Flushing - Clearview
11361,Bayside - Little Neck
11362,Bayside - Little Neck
11363,Bayside - Little Neck
11364,Bayside - Little Neck
11374,Ridgewood - Forest Hills
11375,Ridgewood - Forest Hills
11379,Ridgewood - Forest Hills
11385,Ridgewood - Forest Hills
11365,Fresh Meadows
11366,Fresh Meadows
11367,Fresh Meadows
11414,Southwest Queens
11415,Southwest Queens
11416,Southwest Queens
11417,Southwest Queens
11418,Southwest Queens
11419,Southwest Queens
11420,Southwest Queens
11421,Southwest Queens
11412,Jamaica
11423,Jamaica
11432,Jamaica
11433,Jamaica
11434,Jamaica
11435,Jamaica
11436,Jamaica
11430,Jamaica
11004,Southeast Queens
11005,Southeast Queens
11411,Southeast Queens
11413,Southeast Queens
11422,Southeast Queens
11426,Southeast Queens
11427,Southeast Queens
11428,Southeast Queens
11429,Southeast Queens
11691,Rockaway
11692,Rockaway
11693,Rockaway
11694,Rockaway
11695,Rockaway
11697,Rockaway
10302,Port Richmond
10303,Port Richmond
10310,Port Richmond
10301,Stapleton - St. George
10304,Stapleton - St. George
10305,Stapleton - St. George
10314,Willowbrook
10311,Willowbrook
10306,South Beach - Tottenville
10307,South Beach - Tottenville
10308,South Beach - Tottenville
10309,South Beach - Tottenville
10312,South Beach - Tottenville